{"cameraMode":{"drawMode":0,"name":"Shaded","section":"Shading Mode"},"sceneLighting":true,"audioPlay":false,"sceneViewState":{"showFog":true,"showMaterialUpdate":false,"showSkybox":true,"showFlares":true,"showImageEffects":true,"showParticleSystems":true},"in2DMode":false,"pivot":{"x":0.3777201473712921,"y":0.526038646697998,"z":-0.31571754813194277},"rotation":{"x":-0.13924619555473329,"y":0.5940983891487122,"z":-0.1053619310259819,"w":-0.785247266292572},"size":0.8353964686393738,"orthographic":false}