{"cameraMode":{"drawMode":0,"name":"Shaded","section":"Shading Mode"},"sceneLighting":false,"audioPlay":false,"sceneViewState":{"showFog":true,"showMaterialUpdate":false,"showSkybox":false,"showFlares":true,"showImageEffects":true,"showParticleSystems":true},"in2DMode":false,"pivot":{"x":-0.34299999475479128,"y":0.49000000953674319,"z":0.32899999618530276},"rotation":{"x":-0.13924619555473329,"y":0.5940983891487122,"z":-0.1053619310259819,"w":-0.785247266292572},"size":0.28722813725471499,"orthographic":false}