{"cameraMode":{"drawMode":0,"name":"Shaded","section":"Shading Mode"},"sceneLighting":true,"audioPlay":false,"sceneViewState":{"showFog":true,"showMaterialUpdate":false,"showSkybox":true,"showFlares":true,"showImageEffects":true,"showParticleSystems":true},"in2DMode":false,"pivot":{"x":-8.504294395446778,"y":43.8052978515625,"z":84.89329528808594},"rotation":{"x":-0.09552983939647675,"y":0.5109352469444275,"z":-0.057263851165771487,"w":-0.8523753881454468},"size":16.840909957885743,"orthographic":false}